"delivery_time","num_orders","pct_with_later_order"
0.000000000000000000000000,1,0.00000000000000000000
1.00000000000000000000,629,0.03020667726550079491
2.0000000000000000,2874,0.02679192762700069589
3.0000000000000000,3448,0.03103248259860788863
4.0000000000000000,4497,0.02846342005781632199
5.0000000000000000,5258,0.02947888931152529479
6.0000000000000000,6507,0.02950668510834485938
7.0000000000000000,7482,0.02860197808072707832
8.0000000000000000,7123,0.03088586269830127755
9.0000000000000000,6256,0.02973145780051150895
10.0000000000000000,5793,0.03297082686000345244
11.0000000000000000,5261,0.03117278084014445923
12.0000000000000000,4937,0.03463641887786104922
13.0000000000000000,4509,0.03326679973386560213
14.0000000000000000,4101,0.03511338697878566203
15.0000000000000000,3330,0.03273273273273273273
16.0000000000000000,2816,0.03373579545454545455
17.0000000000000000,2494,0.03408179631114675221
18.0000000000000000,2280,0.02763157894736842105
19.0000000000000000,1934,0.03050672182006204757
20.0000000000000000,1801,0.02942809550249861188
21.0000000000000000,1515,0.02310231023102310231
22.0000000000000000,1362,0.03230543318649045521
23.0000000000000000,1115,0.03497757847533632287
24.0000000000000000,993,0.03927492447129909366
25.0000000000000000,878,0.02961275626423690205
26.0000000000000000,719,0.02642559109874826147
27.0000000000000000,675,0.02222222222222222222
28.0000000000000000,624,0.02724358974358974359
29.0000000000000000,532,0.02067669172932330827
30.0000000000000000,436,0.02752293577981651376
31.0000000000000000,401,0.02244389027431421446
32.0000000000000000,365,0.02191780821917808219
33.0000000000000000,307,0.02605863192182410423
34.0000000000000000,315,0.03174603174603174603
35.0000000000000000,288,0.01736111111111111111
36.0000000000000000,259,0.01930501930501930502
37.0000000000000000,201,0.04975124378109452736
38.0000000000000000,169,0.01183431952662721893
39.0000000000000000,171,0.04093567251461988304
40.0000000000000000,132,0.00000000000000000000
41.0000000000000000,175,0.03428571428571428571
42.0000000000000000,136,0.00735294117647058824
43.0000000000000000,129,0.03100775193798449612
44.0000000000000000,119,0.02521008403361344538
45.0000000000000000,100,0.01000000000000000000
46.0000000000000000,115,0.06956521739130434783
47.0000000000000000,81,0.03703703703703703704
48.0000000000000000,73,0.02739726027397260274
49.0000000000000000,59,0.00000000000000000000
50.0000000000000000,69,0.05797101449275362319
51.0000000000000000,50,0.02000000000000000000
52.0000000000000000,47,0.02127659574468085106
53.0000000000000000,36,0.00000000000000000000
54.0000000000000000,40,0.00000000000000000000
55.0000000000000000,29,0.00000000000000000000
56.0000000000000000,39,0.02564102564102564103
57.0000000000000000,25,0.00000000000000000000
58.0000000000000000,25,0.08000000000000000000
59.0000000000000000,24,0.08333333333333333333
60.0000000000000000,19,0.10526315789473684211
61.0000000000000000,19,0.00000000000000000000
62.0000000000000000,12,0.08333333333333333333
63.0000000000000000,11,0.09090909090909090909
64.0000000000000000,12,0.00000000000000000000
65.0000000000000000,10,0.00000000000000000000
66.0000000000000000,15,0.00000000000000000000
67.0000000000000000,8,0.00000000000000000000
68.0000000000000000,16,0.06250000000000000000
69.0000000000000000,11,0.00000000000000000000
70.0000000000000000,16,0.00000000000000000000
71.0000000000000000,11,0.00000000000000000000
72.0000000000000000,10,0.00000000000000000000
73.0000000000000000,4,0.00000000000000000000
74.0000000000000000,5,0.00000000000000000000
75.0000000000000000,11,0.00000000000000000000
76.0000000000000000,7,0.00000000000000000000
77.0000000000000000,2,0.00000000000000000000
78.0000000000000000,6,0.00000000000000000000
79.0000000000000000,3,0.00000000000000000000
80.0000000000000000,5,0.00000000000000000000
81.0000000000000000,4,0.00000000000000000000
82.0000000000000000,2,0.00000000000000000000
83.0000000000000000,3,0.00000000000000000000
84.0000000000000000,4,0.00000000000000000000
85.0000000000000000,4,0.00000000000000000000
86.0000000000000000,6,0.00000000000000000000
87.0000000000000000,1,0.00000000000000000000
88.0000000000000000,2,0.50000000000000000000
90.0000000000000000,1,0.00000000000000000000
91.0000000000000000,2,0.00000000000000000000
93.0000000000000000,1,0.00000000000000000000
94.0000000000000000,2,0.00000000000000000000
96.0000000000000000,2,0.00000000000000000000
97.0000000000000000,1,0.00000000000000000000
98.0000000000000000,2,0.00000000000000000000
100.0000000000000000,3,0.00000000000000000000
101.0000000000000000,2,0.00000000000000000000
102.0000000000000000,1,0.00000000000000000000
103.0000000000000000,1,0.00000000000000000000
104.0000000000000000,2,0.00000000000000000000
105.0000000000000000,3,0.00000000000000000000
106.0000000000000000,2,0.00000000000000000000
107.0000000000000000,2,0.00000000000000000000
108.0000000000000000,3,0.00000000000000000000
110.0000000000000000,2,0.00000000000000000000
115.0000000000000000,1,0.00000000000000000000
117.0000000000000000,1,0.00000000000000000000
119.0000000000000000,1,0.00000000000000000000
125.0000000000000000,1,0.00000000000000000000
126.0000000000000000,1,0.00000000000000000000
127.0000000000000000,1,0.00000000000000000000
130.0000000000000000,1,0.00000000000000000000
131.0000000000000000,2,0.00000000000000000000
132.0000000000000000,1,0.00000000000000000000
133.0000000000000000,1,0.00000000000000000000
135.0000000000000000,1,0.00000000000000000000
137.0000000000000000,1,0.00000000000000000000
138.0000000000000000,1,0.00000000000000000000
139.0000000000000000,1,0.00000000000000000000
142.0000000000000000,2,0.00000000000000000000
143.0000000000000000,1,0.00000000000000000000
144.0000000000000000,1,0.00000000000000000000
145.0000000000000000,1,0.00000000000000000000
146.0000000000000000,1,0.00000000000000000000
148.0000000000000000,1,0.00000000000000000000
166.0000000000000000,2,0.00000000000000000000
168.0000000000000000,4,0.00000000000000000000
172.0000000000000000,1,0.00000000000000000000
173.0000000000000000,1,0.00000000000000000000
174.0000000000000000,1,0.00000000000000000000
175.0000000000000000,1,0.00000000000000000000
181.0000000000000000,1,0.00000000000000000000
183.0000000000000000,1,0.00000000000000000000
186.0000000000000000,1,0.00000000000000000000
187.0000000000000000,1,0.00000000000000000000
188.0000000000000000,2,0.00000000000000000000
190.0000000000000000,1,0.00000000000000000000
191.0000000000000000,1,0.00000000000000000000
194.0000000000000000,1,0.00000000000000000000
195.0000000000000000,2,0.00000000000000000000
196.0000000000000000,1,0.00000000000000000000
208.0000000000000000,1,0.00000000000000000000
210.0000000000000000,1,0.00000000000000000000
,2965,0.04249578414839797639
