"mon","product_weight_kg","seller_state","volume"
2016-09-01 00:00:00.000,3.2000000000000000,MG,10752
2016-09-01 00:00:00.000,3.70000000000000000000,PR,13538
2016-10-01 00:00:00.000,1.9000000000000000,AC,5400
2016-10-01 00:00:00.000,0.30000000000000000000,BA,1560
2016-10-01 00:00:00.000,0.35000000000000000000,CE,24000
2016-10-01 00:00:00.000,14.50000000000000000000,DF,136302
2016-10-01 00:00:00.000,3.3500000000000000,ES,16305
2016-10-01 00:00:00.000,59.05000000000000000000,MG,362420
2016-10-01 00:00:00.000,7.3000000000000000,MS,24500
2016-10-01 00:00:00.000,87.16500000000000000000,PR,771897
2016-10-01 00:00:00.000,47.03600000000000000000,RJ,552970
2016-10-01 00:00:00.000,7.45000000000000000000,RS,46636
2016-10-01 00:00:00.000,17.30100000000000000000,SC,316812
2016-10-01 00:00:00.000,582.78900000000000000000,SP,4157832
2016-12-01 00:00:00.000,0.20000000000000000000,PR,352
2017-01-01 00:00:00.000,3.91000000000000000000,BA,14190
2017-01-01 00:00:00.000,2.15000000000000000000,CE,7456
2017-01-01 00:00:00.000,97.10000000000000000000,DF,592896
2017-01-01 00:00:00.000,5.4500000000000000,ES,33786
2017-01-01 00:00:00.000,0.35000000000000000000,GO,1120
2017-01-01 00:00:00.000,187.09900000000000000000,MG,987936
2017-01-01 00:00:00.000,5.1000000000000000,MS,18648
2017-01-01 00:00:00.000,7.3000000000000000,PE,43750
2017-01-01 00:00:00.000,424.33500000000000000000,PR,2996192
2017-01-01 00:00:00.000,79.90600000000000000000,RJ,872052
2017-01-01 00:00:00.000,16.80000000000000000000,RS,124951
2017-01-01 00:00:00.000,100.62600000000000000000,SC,1096836
2017-01-01 00:00:00.000,1.00000000000000000000,SE,12012
2017-01-01 00:00:00.000,1152.59800000000000000000,SP,9644152
2017-02-01 00:00:00.000,0.37000000000000000000,AM,1122
2017-02-01 00:00:00.000,13.80000000000000000000,BA,85840
2017-02-01 00:00:00.000,38.20000000000000000000,CE,204576
2017-02-01 00:00:00.000,53.35000000000000000000,DF,307312
2017-02-01 00:00:00.000,129.1750000000000000,ES,311267
2017-02-01 00:00:00.000,0.15000000000000000000,GO,560
2017-02-01 00:00:00.000,596.35700000000000000000,MG,4570190
2017-02-01 00:00:00.000,6.5000000000000000,MS,28500
2017-02-01 00:00:00.000,10.2000000000000000,PB,43928
2017-02-01 00:00:00.000,7.57500000000000000000,PE,37220
2017-02-01 00:00:00.000,355.10100000000000000000,PR,3012960
2017-02-01 00:00:00.000,99.47000000000000000000,RJ,849756
2017-02-01 00:00:00.000,28.11200000000000000000,RS,385520
2017-02-01 00:00:00.000,259.34200000000000000000,SC,2145752
2017-02-01 00:00:00.000,3190.14300000000000000000,SP,24229904
2017-03-01 00:00:00.000,0.68300000000000000000,AM,3984
2017-03-01 00:00:00.000,4.84300000000000000000,BA,78749
2017-03-01 00:00:00.000,30.85000000000000000000,CE,104336
2017-03-01 00:00:00.000,25.17100000000000000000,DF,201629
2017-03-01 00:00:00.000,153.6230000000000000,ES,382072
2017-03-01 00:00:00.000,6.36800000000000000000,GO,83406
2017-03-01 00:00:00.000,866.34900000000000000000,MG,5083480
2017-03-01 00:00:00.000,9.1000000000000000,MS,39022
2017-03-01 00:00:00.000,1.85000000000000000000,PB,6336
2017-03-01 00:00:00.000,6.70000000000000000000,PE,10404
2017-03-01 00:00:00.000,475.60000000000000000000,PR,3987072
2017-03-01 00:00:00.000,100.99900000000000000000,RJ,825962
2017-03-01 00:00:00.000,122.85800000000000000000,RS,1264852
2017-03-01 00:00:00.000,391.15500000000000000000,SC,3084690
2017-03-01 00:00:00.000,4602.31300000000000000000,SP,35126026
2017-04-01 00:00:00.000,4.85000000000000000000,BA,40910
2017-04-01 00:00:00.000,1.10000000000000000000,CE,43456
2017-04-01 00:00:00.000,35.86000000000000000000,DF,208373
2017-04-01 00:00:00.000,142.5250000000000000,ES,377193
2017-04-01 00:00:00.000,10.43900000000000000000,GO,151194
2017-04-01 00:00:00.000,727.89600000000000000000,MG,4097176
2017-04-01 00:00:00.000,12.1680000000000000,MS,95460
2017-04-01 00:00:00.000,567.53800000000000000000,PR,4471211
2017-04-01 00:00:00.000,168.63100000000000000000,RJ,1725517
2017-04-01 00:00:00.000,9.1940000000000000,RN,53910
2017-04-01 00:00:00.000,17.3000000000000000,RO,64980
2017-04-01 00:00:00.000,86.12900000000000000000,RS,740611
2017-04-01 00:00:00.000,390.55000000000000000000,SC,3017615
2017-04-01 00:00:00.000,4024.89800000000000000000,SP,30179025
2017-05-01 00:00:00.000,6.00700000000000000000,BA,67635
2017-05-01 00:00:00.000,4.85000000000000000000,CE,89040
2017-05-01 00:00:00.000,18.61000000000000000000,DF,148418
2017-05-01 00:00:00.000,243.5000000000000000,ES,543256
2017-05-01 00:00:00.000,19.56000000000000000000,GO,148588
2017-05-01 00:00:00.000,1092.14300000000000000000,MG,6004373
2017-05-01 00:00:00.000,16.4500000000000000,MS,65470
2017-05-01 00:00:00.000,0.50000000000000000000,MT,4845
2017-05-01 00:00:00.000,0.70000000000000000000,PB,2112
2017-05-01 00:00:00.000,1.00000000000000000000,PE,6000
2017-05-01 00:00:00.000,543.16000000000000000000,PR,4400523
2017-05-01 00:00:00.000,272.18600000000000000000,RJ,1938128
2017-05-01 00:00:00.000,6.1940000000000000,RN,35910
2017-05-01 00:00:00.000,5.4000000000000000,RO,7840
2017-05-01 00:00:00.000,107.83600000000000000000,RS,977581
2017-05-01 00:00:00.000,419.48400000000000000000,SC,3120332
2017-05-01 00:00:00.000,1.4000000000000000,SE,9234
2017-05-01 00:00:00.000,6586.62800000000000000000,SP,54805232
2017-06-01 00:00:00.000,8.42600000000000000000,BA,54820
2017-06-01 00:00:00.000,3.3500000000000000,CE,8400
2017-06-01 00:00:00.000,15.89000000000000000000,DF,125617
2017-06-01 00:00:00.000,204.5750000000000000,ES,488530
2017-06-01 00:00:00.000,16.04900000000000000000,GO,164899
2017-06-01 00:00:00.000,609.62700000000000000000,MG,3866335
2017-06-01 00:00:00.000,0.28000000000000000000,PB,27000
2017-06-01 00:00:00.000,4.30000000000000000000,PE,24703
2017-06-01 00:00:00.000,498.29200000000000000000,PR,4116217
2017-06-01 00:00:00.000,190.04700000000000000000,RJ,1502788
2017-06-01 00:00:00.000,2.25000000000000000000,RN,18912
2017-06-01 00:00:00.000,111.40500000000000000000,RS,1043244
2017-06-01 00:00:00.000,431.25400000000000000000,SC,3190655
2017-06-01 00:00:00.000,6079.31200000000000000000,SP,45733859
2017-07-01 00:00:00.000,2.76900000000000000000,BA,21211
2017-07-01 00:00:00.000,5.90000000000000000000,CE,53040
2017-07-01 00:00:00.000,34.86400000000000000000,DF,342232
2017-07-01 00:00:00.000,232.3750000000000000,ES,524426
2017-07-01 00:00:00.000,12.63100000000000000000,GO,143337
2017-07-01 00:00:00.000,823.14500000000000000000,MG,5318436
2017-07-01 00:00:00.000,1.76400000000000000000,MT,12320
2017-07-01 00:00:00.000,1.70000000000000000000,PB,16000
2017-07-01 00:00:00.000,2.39500000000000000000,PE,28260
2017-07-01 00:00:00.000,503.46200000000000000000,PR,4519209
2017-07-01 00:00:00.000,310.15900000000000000000,RJ,1778934
2017-07-01 00:00:00.000,1.59000000000000000000,RO,4928
2017-07-01 00:00:00.000,176.80900000000000000000,RS,1757135
2017-07-01 00:00:00.000,664.98700000000000000000,SC,4310598
2017-07-01 00:00:00.000,7979.86400000000000000000,SP,59685574
2017-08-01 00:00:00.000,83.51000000000000000000,BA,600779
2017-08-01 00:00:00.000,10.65000000000000000000,CE,93968
2017-08-01 00:00:00.000,39.41600000000000000000,DF,355067
2017-08-01 00:00:00.000,116.7250000000000000,ES,265253
2017-08-01 00:00:00.000,21.38800000000000000000,GO,172221
2017-08-01 00:00:00.000,1055.42200000000000000000,MG,7685631
2017-08-01 00:00:00.000,1.2500000000000000,MT,9044
2017-08-01 00:00:00.000,0.20000000000000000000,PE,408
2017-08-01 00:00:00.000,606.96800000000000000000,PR,5451946
2017-08-01 00:00:00.000,231.23000000000000000000,RJ,1729880
2017-08-01 00:00:00.000,8.25000000000000000000,RN,54912
2017-08-01 00:00:00.000,2.81700000000000000000,RO,9646
2017-08-01 00:00:00.000,160.02900000000000000000,RS,1408115
2017-08-01 00:00:00.000,508.16000000000000000000,SC,3653481
2017-08-01 00:00:00.000,7911.35700000000000000000,SP,61850450
2017-09-01 00:00:00.000,146.63000000000000000000,BA,959771
2017-09-01 00:00:00.000,4.00000000000000000000,CE,13200
2017-09-01 00:00:00.000,64.63400000000000000000,DF,844707
2017-09-01 00:00:00.000,141.1500000000000000,ES,325822
2017-09-01 00:00:00.000,28.68000000000000000000,GO,359221
2017-09-01 00:00:00.000,1210.14000000000000000000,MG,7152756
2017-09-01 00:00:00.000,2.30000000000000000000,MT,18734
2017-09-01 00:00:00.000,11.72500000000000000000,PA,60000
2017-09-01 00:00:00.000,0.55000000000000000000,PB,15625
2017-09-01 00:00:00.000,15.86000000000000000000,PE,31750
2017-09-01 00:00:00.000,591.69100000000000000000,PR,5064347
2017-09-01 00:00:00.000,348.10200000000000000000,RJ,3560364
2017-09-01 00:00:00.000,2.25000000000000000000,RN,18912
2017-09-01 00:00:00.000,151.49400000000000000000,RS,1438247
2017-09-01 00:00:00.000,387.16200000000000000000,SC,2818964
2017-09-01 00:00:00.000,7429.20600000000000000000,SP,58283101
2017-10-01 00:00:00.000,133.70000000000000000000,BA,891988
2017-10-01 00:00:00.000,3.3500000000000000,CE,8400
2017-10-01 00:00:00.000,66.94800000000000000000,DF,743641
2017-10-01 00:00:00.000,221.35000000000000000000,ES,503112
2017-10-01 00:00:00.000,22.40000000000000000000,GO,154739
2017-10-01 00:00:00.000,1220.21700000000000000000,MG,6694777
2017-10-01 00:00:00.000,14.1750000000000000,MS,22699
2017-10-01 00:00:00.000,30.95000000000000000000,MT,269244
2017-10-01 00:00:00.000,1.7000000000000000,PE,33750
2017-10-01 00:00:00.000,684.87700000000000000000,PR,5100615
2017-10-01 00:00:00.000,343.43500000000000000000,RJ,2951337
2017-10-01 00:00:00.000,262.38200000000000000000,RS,3195406
2017-10-01 00:00:00.000,518.35800000000000000000,SC,3230197
2017-10-01 00:00:00.000,7522.62500000000000000000,SP,60809053
2017-11-01 00:00:00.000,57.90000000000000000000,BA,265431
2017-11-01 00:00:00.000,17.8000000000000000,CE,25200
2017-11-01 00:00:00.000,79.84200000000000000000,DF,846001
2017-11-01 00:00:00.000,248.55000000000000000000,ES,619039
2017-11-01 00:00:00.000,13.21100000000000000000,GO,110977
2017-11-01 00:00:00.000,1915.86700000000000000000,MG,11030144
2017-11-01 00:00:00.000,6.6330000000000000,MS,5952
2017-11-01 00:00:00.000,23.29400000000000000000,MT,188017
2017-11-01 00:00:00.000,1.90000000000000000000,PA,15362
2017-11-01 00:00:00.000,1.64700000000000000000,PB,29666
2017-11-01 00:00:00.000,20.75000000000000000000,PE,103884
2017-11-01 00:00:00.000,1373.02200000000000000000,PR,10490808
2017-11-01 00:00:00.000,578.33200000000000000000,RJ,5580042
2017-11-01 00:00:00.000,6.60000000000000000000,RN,38820
2017-11-01 00:00:00.000,6.53000000000000000000,RO,30912
2017-11-01 00:00:00.000,498.12700000000000000000,RS,4092141
2017-11-01 00:00:00.000,763.30700000000000000000,SC,5164148
2017-11-01 00:00:00.000,2.92300000000000000000,SE,31788
2017-11-01 00:00:00.000,12620.86400000000000000000,SP,98460640
2017-12-01 00:00:00.000,266.99700000000000000000,BA,1506109
2017-12-01 00:00:00.000,9.5000000000000000,CE,92625
2017-12-01 00:00:00.000,31.92200000000000000000,DF,356170
2017-12-01 00:00:00.000,122.05500000000000000000,ES,296481
2017-12-01 00:00:00.000,13.72500000000000000000,GO,155201
2017-12-01 00:00:00.000,1544.02000000000000000000,MG,7571715
2017-12-01 00:00:00.000,11.35000000000000000000,MT,93213
2017-12-01 00:00:00.000,0.25000000000000000000,PA,4862
2017-12-01 00:00:00.000,1.70000000000000000000,PB,16000
2017-12-01 00:00:00.000,9.28300000000000000000,PE,62688
2017-12-01 00:00:00.000,1044.72200000000000000000,PR,7421269
2017-12-01 00:00:00.000,387.50600000000000000000,RJ,3414986
2017-12-01 00:00:00.000,12.40000000000000000000,RN,71048
2017-12-01 00:00:00.000,2.4500000000000000,RO,3344
2017-12-01 00:00:00.000,289.15300000000000000000,RS,2391084
2017-12-01 00:00:00.000,729.87600000000000000000,SC,4065071
2017-12-01 00:00:00.000,8423.75500000000000000000,SP,66145527
2018-01-01 00:00:00.000,167.45200000000000000000,BA,931068
2018-01-01 00:00:00.000,8.65000000000000000000,CE,51283
2018-01-01 00:00:00.000,55.46900000000000000000,DF,591162
2018-01-01 00:00:00.000,131.38500000000000000000,ES,323917
2018-01-01 00:00:00.000,55.45500000000000000000,GO,397254
2018-01-01 00:00:00.000,3.30000000000000000000,MA,29412
2018-01-01 00:00:00.000,1807.74900000000000000000,MG,9411490
2018-01-01 00:00:00.000,16.6080000000000000,MS,19373
2018-01-01 00:00:00.000,28.02500000000000000000,MT,162228
2018-01-01 00:00:00.000,1.00000000000000000000,PA,4500
2018-01-01 00:00:00.000,18.94500000000000000000,PE,197668
2018-01-01 00:00:00.000,4.4760000000000000,PI,16800
2018-01-01 00:00:00.000,1444.68700000000000000000,PR,9388636
2018-01-01 00:00:00.000,436.86700000000000000000,RJ,3092545
2018-01-01 00:00:00.000,4.35000000000000000000,RN,25240
2018-01-01 00:00:00.000,7.4000000000000000,RO,8700
2018-01-01 00:00:00.000,320.96200000000000000000,RS,2097484
2018-01-01 00:00:00.000,527.99100000000000000000,SC,3562772
2018-01-01 00:00:00.000,4.9170000000000000,SE,25047
2018-01-01 00:00:00.000,12792.15200000000000000000,SP,94328096
2018-02-01 00:00:00.000,6.63800000000000000000,BA,69065
2018-02-01 00:00:00.000,9.25000000000000000000,CE,74106
2018-02-01 00:00:00.000,41.35100000000000000000,DF,337696
2018-02-01 00:00:00.000,30.92900000000000000000,ES,98870
2018-02-01 00:00:00.000,47.88500000000000000000,GO,343726
2018-02-01 00:00:00.000,6.20000000000000000000,MA,49248
2018-02-01 00:00:00.000,1905.94800000000000000000,MG,9598543
2018-02-01 00:00:00.000,2.2330000000000000,MS,2080
2018-02-01 00:00:00.000,15.95000000000000000000,MT,138658
2018-02-01 00:00:00.000,0.30000000000000000000,PA,3000
2018-02-01 00:00:00.000,1.00000000000000000000,PB,8000
2018-02-01 00:00:00.000,41.18300000000000000000,PE,373234
2018-02-01 00:00:00.000,10.87600000000000000000,PI,27860
2018-02-01 00:00:00.000,1462.99900000000000000000,PR,10940218
2018-02-01 00:00:00.000,365.67100000000000000000,RJ,2619452
2018-02-01 00:00:00.000,0.75000000000000000000,RN,9912
2018-02-01 00:00:00.000,213.11300000000000000000,RS,931048
2018-02-01 00:00:00.000,527.44600000000000000000,SC,3864168
2018-02-01 00:00:00.000,9968.86900000000000000000,SP,77330517
2018-03-01 00:00:00.000,5.15000000000000000000,BA,49216
2018-03-01 00:00:00.000,6.50000000000000000000,CE,43400
2018-03-01 00:00:00.000,37.22100000000000000000,DF,280451
2018-03-01 00:00:00.000,99.36400000000000000000,ES,357310
2018-03-01 00:00:00.000,46.96500000000000000000,GO,430271
2018-03-01 00:00:00.000,20.25000000000000000000,MA,164616
2018-03-01 00:00:00.000,1615.52500000000000000000,MG,7631059
2018-03-01 00:00:00.000,37.87500000000000000000,MT,210645
2018-03-01 00:00:00.000,1.92500000000000000000,PB,41600
2018-03-01 00:00:00.000,33.58300000000000000000,PE,310008
2018-03-01 00:00:00.000,2.2380000000000000,PI,8400
2018-03-01 00:00:00.000,1108.05100000000000000000,PR,7969498
2018-03-01 00:00:00.000,371.58700000000000000000,RJ,2859777
2018-03-01 00:00:00.000,2.63700000000000000000,RN,23712
2018-03-01 00:00:00.000,2.0000000000000000,RO,3450
2018-03-01 00:00:00.000,266.94800000000000000000,RS,2096623
2018-03-01 00:00:00.000,565.49400000000000000000,SC,3639292
2018-03-01 00:00:00.000,13439.42000000000000000000,SP,97657264
2018-04-01 00:00:00.000,36.26000000000000000000,BA,312789
2018-04-01 00:00:00.000,31.35000000000000000000,CE,198734
2018-04-01 00:00:00.000,58.76300000000000000000,DF,411820
2018-04-01 00:00:00.000,54.49200000000000000000,ES,200883
2018-04-01 00:00:00.000,37.03100000000000000000,GO,235017
2018-04-01 00:00:00.000,17.40000000000000000000,MA,145008
2018-04-01 00:00:00.000,1806.96800000000000000000,MG,8338236
2018-04-01 00:00:00.000,3.5000000000000000,MS,16473
2018-04-01 00:00:00.000,25.15000000000000000000,MT,126690
2018-04-01 00:00:00.000,27.86500000000000000000,PE,233900
2018-04-01 00:00:00.000,2.2380000000000000,PI,8400
2018-04-01 00:00:00.000,1379.49100000000000000000,PR,9462424
2018-04-01 00:00:00.000,496.45500000000000000000,RJ,3407394
2018-04-01 00:00:00.000,0.11500000000000000000,RN,2496
2018-04-01 00:00:00.000,240.05300000000000000000,RS,2143622
2018-04-01 00:00:00.000,559.09600000000000000000,SC,3634565
2018-04-01 00:00:00.000,13080.54100000000000000000,SP,94628434
2018-05-01 00:00:00.000,44.22500000000000000000,BA,259161
2018-05-01 00:00:00.000,47.8000000000000000,CE,304209
2018-05-01 00:00:00.000,65.02400000000000000000,DF,505428
2018-05-01 00:00:00.000,32.36000000000000000000,ES,198058
2018-05-01 00:00:00.000,77.93900000000000000000,GO,566909
2018-05-01 00:00:00.000,35.10000000000000000000,MA,284069
2018-05-01 00:00:00.000,1468.86600000000000000000,MG,7548966
2018-05-01 00:00:00.000,5.55000000000000000000,MS,26444
2018-05-01 00:00:00.000,16.60000000000000000000,MT,75945
2018-05-01 00:00:00.000,1.55000000000000000000,PB,22000
2018-05-01 00:00:00.000,48.76100000000000000000,PE,381030
2018-05-01 00:00:00.000,0.80000000000000000000,PI,4000
2018-05-01 00:00:00.000,1185.13800000000000000000,PR,7839202
2018-05-01 00:00:00.000,575.56500000000000000000,RJ,3850671
2018-05-01 00:00:00.000,191.99800000000000000000,RS,2110547
2018-05-01 00:00:00.000,868.05000000000000000000,SC,4624541
2018-05-01 00:00:00.000,11627.21600000000000000000,SP,85268879
2018-06-01 00:00:00.000,29.05900000000000000000,BA,190015
2018-06-01 00:00:00.000,93.00000000000000000000,CE,564968
2018-06-01 00:00:00.000,62.16600000000000000000,DF,444536
2018-06-01 00:00:00.000,65.70000000000000000000,ES,308478
2018-06-01 00:00:00.000,38.51900000000000000000,GO,318450
2018-06-01 00:00:00.000,50.05000000000000000000,MA,391932
2018-06-01 00:00:00.000,1586.16700000000000000000,MG,8273054
2018-06-01 00:00:00.000,2.1330000000000000,MS,4335
2018-06-01 00:00:00.000,17.47500000000000000000,MT,131872
2018-06-01 00:00:00.000,6.85000000000000000000,PB,115000
2018-06-01 00:00:00.000,35.26000000000000000000,PE,256566
2018-06-01 00:00:00.000,978.61000000000000000000,PR,7010492
2018-06-01 00:00:00.000,444.76500000000000000000,RJ,2857274
2018-06-01 00:00:00.000,322.63100000000000000000,RS,2608411
2018-06-01 00:00:00.000,645.55600000000000000000,SC,3854383
2018-06-01 00:00:00.000,9250.60400000000000000000,SP,65756418
2018-07-01 00:00:00.000,95.39200000000000000000,BA,665173
2018-07-01 00:00:00.000,122.92600000000000000000,CE,706432
2018-07-01 00:00:00.000,59.72700000000000000000,DF,456555
2018-07-01 00:00:00.000,41.05500000000000000000,ES,249574
2018-07-01 00:00:00.000,43.01500000000000000000,GO,346576
2018-07-01 00:00:00.000,41.05000000000000000000,MA,323988
2018-07-01 00:00:00.000,1260.40600000000000000000,MG,7298049
2018-07-01 00:00:00.000,7.1880000000000000,MS,14992
2018-07-01 00:00:00.000,16.12500000000000000000,MT,148953
2018-07-01 00:00:00.000,5.55000000000000000000,PB,34918
2018-07-01 00:00:00.000,32.72900000000000000000,PE,245190
2018-07-01 00:00:00.000,0.80000000000000000000,PI,4000
2018-07-01 00:00:00.000,1171.85200000000000000000,PR,8299765
2018-07-01 00:00:00.000,512.51800000000000000000,RJ,3323408
2018-07-01 00:00:00.000,0.30000000000000000000,RN,1320
2018-07-01 00:00:00.000,310.90400000000000000000,RS,2666281
2018-07-01 00:00:00.000,633.80100000000000000000,SC,4165531
2018-07-01 00:00:00.000,4.3000000000000000,SE,18468
2018-07-01 00:00:00.000,8926.18900000000000000000,SP,65595781
2018-08-01 00:00:00.000,138.27500000000000000000,BA,1141167
2018-08-01 00:00:00.000,60.25000000000000000000,CE,361408
2018-08-01 00:00:00.000,45.69000000000000000000,DF,558174
2018-08-01 00:00:00.000,53.40000000000000000000,ES,272508
2018-08-01 00:00:00.000,50.07200000000000000000,GO,403959
2018-08-01 00:00:00.000,35.10000000000000000000,MA,291840
2018-08-01 00:00:00.000,1076.82900000000000000000,MG,7074141
2018-08-01 00:00:00.000,6.4750000000000000,MS,58236
2018-08-01 00:00:00.000,10.55000000000000000000,MT,133652
2018-08-01 00:00:00.000,21.9000000000000000,PB,193668
2018-08-01 00:00:00.000,29.54000000000000000000,PE,203946
2018-08-01 00:00:00.000,2.2380000000000000,PI,8400
2018-08-01 00:00:00.000,847.05500000000000000000,PR,6326092
2018-08-01 00:00:00.000,478.87000000000000000000,RJ,3701709
2018-08-01 00:00:00.000,3.75000000000000000000,RN,41231
2018-08-01 00:00:00.000,297.69900000000000000000,RS,2422366
2018-08-01 00:00:00.000,663.84100000000000000000,SC,3972668
2018-08-01 00:00:00.000,8302.73500000000000000000,SP,63822673
2018-09-01 00:00:00.000,10.4000000000000000,SP,34816
