"quarter","revenue","profit","rev_growth","prof_growth"
2016-07-01 00:00:00.000,267.36002,179.97002,,
2016-10-01 00:00:00.000,49518.453,42208.684,18421.26,23353.18
2017-01-01 00:00:00.000,741959.06,628402.9,1398.35,1388.80
2017-04-01 00:00:00.000,1298999.0,1096494.5,75.08,74.49
2017-07-01 00:00:00.000,1696338.4,1419222.2,30.59,29.43
2017-10-01 00:00:00.000,2418424.8,2024769.6,42.57,42.67
2018-01-01 00:00:00.000,2777566.8,2305479.2,14.85,13.86
2018-04-01 00:00:00.000,2858434.8,2384403.5,2.91,3.42
2018-07-01 00:00:00.000,1750285.9,1438474.2,-38.77,-39.67
